URL,Último rastreamento
https://uk.agathasweb.com/blog/tag/ide-agentica,2026-05-23
https://uk.agathasweb.com/blog/tag/desenvolvimento-de-software,2026-05-22
https://agathasweb.com/blog/tag/push-notifications,2026-05-22
https://uk.agathasweb.com/blog/tag/prevencao-ban,2026-05-22
https://agathasweb.com/blog/tag/migracao-whatsapp,2026-05-22
https://agathasweb.com/blog/aplicativo-moodle-personalizado-vantagens,2026-05-22
https://agathasweb.com/blog/google-io-2026-novidades-ia-empresas,2026-05-22
https://agathasweb.com/produtos,2026-05-22
https://agathasweb.com/blog/tag/google-io-2026,2026-05-22
https://uk.agathasweb.com/blog/aplicativo-moodle-personalizado-vantagens,2026-05-22
https://uk.agathasweb.com/blog/tag/google-play,2026-05-22
https://uk.agathasweb.com/blog/tag/push-notifications,2026-05-22
https://uk.agathasweb.com/blog/tag/sincronizacao,2026-05-22
https://uk.agathasweb.com/blog/google-io-2026-novidades-ia-empresas,2026-05-22
https://agathasweb.com/contato,2026-05-22
https://uk.agathasweb.com/produtos,2026-05-22
https://agathasweb.com/produtos/sga,2026-05-22
https://uk.agathasweb.com/produtos/sga,2026-05-22
https://uk.agathasweb.com/termos,2026-05-22
https://uk.agathasweb.com/blog/categoria/moodle,2026-05-22
https://agathasweb.com/blog/categoria/moodle,2026-05-22
https://agathasweb.com/blog/tag/prevencao-ban,2026-05-22
https://uk.agathasweb.com/quem-somos,2026-05-22
https://uk.agathasweb.com/blog/tag/bloqueio-whatsapp,2026-05-22
https://agathasweb.com/blog/tag/google-play,2026-05-21
https://agathasweb.com/blog/tag/sincronizacao,2026-05-21
https://uk.agathasweb.com/contato,2026-05-21
https://uk.agathasweb.com/blog/tag/migracao-whatsapp,2026-05-21
https://agathasweb.com/,2026-05-21
https://agathasweb.com/produtos/hospedagem-moodle,2026-05-21
https://uk.agathasweb.com/blog/categoria/api-oficial,2026-05-21
https://uk.agathasweb.com/blog/publicar-app-moodle-google-play-apple-store,2026-05-21
https://uk.agathasweb.com/produtos/hospedagem-moodle,2026-05-21
https://uk.agathasweb.com/,2026-05-21
https://agathasweb.com/quem-somos,2026-05-21
https://yeshua.agathasweb.com/,2026-05-12
https://uk.agathasweb.com/cookie-policy,2026-05-12
https://uk.agathasweb.com/servicos,2026-05-12
https://uk.agathasweb.com/privacidade,2026-04-30
https://agathasweb.com/produtos/,2026-04-29
https://uk.agathasweb.com/servicos/,2026-03-24